SKU,Ebay UK
SS Shelves (300 x 40),125.0
SS Shelves (300 x 70),127.0
D126-22 (Red),122.0
Tomy E72357,116.0
MS8BS (Black) (1 Pack),125.0
MS8BS (Black) (6 Pack),125.0
SS Shelves (900 x 100),140.0
Dracaenea Sand 5 Stem - Lime (3 Pk),122.99
MS8BS (Black) (12 Pack),125.0
Dracaenea Sand 5 Stem - Lime (2 Pk),118.99
MS8BS (Black) (3 Pack),125.0
Dracaenea Sand 5 Stem - Lime (1 Pk),114.99
SS Shelves (900 x 40),137.0
MS8BS (Black) (9 Pack),125.0
SS Shelves (600 x 100),135.0
SS Shelves (600 x 70),133.0
SS Shelves (900 x 70),139.0
SS Shelves (600 x 40),131.0
SS Shelves (300 x 100),129.0
