SKU,Ebay UK,,SS Shelves (300 x 40)
Dracaenea Sand 5 Stem - Lime (1 Pk),14.99,,
H & S Classic (12 Pack),17,,
H & S Classic (6 Pack),17,,
H & S Classic (3 Pack),17,,
H & S Classic (9 Pack),17,,
Dracaenea Sand 5 Stem - Lime (2 Pk),18.99,,
Dracaenea Sand 5 Stem - Lime (3 Pk),22.99,,
D126-22 (Red),25,,
SS Shelves (300 x 40),28,,
MS8BS (Black) (1 Pack),28,,
MS8BS (Black) (6 Pack),28,,
MS8BS (Black) (9 Pack),28,,
SS Shelves (300 x 100),32,,
SS Shelves (600 x 40),34,,
SS Shelves (600 x 70),36,,
SS Shelves (900 x 40),40,,
SS Shelves (900 x 100),43,,
Palladium Pampa HI (UK 8),98.99,,
Palladium Pampa HI (UK 7),98.99,,
Palladium Pampa HI (UK 6),98.99,,
Double Bed A,,,
RWPS001x4,,,
SS Shelves (300 x 70),,,
H & S Classic (Pack 6),,,
RWPS001x10,,,
PALLADIUM PAMPA HI,,,
Tomy E72357,,,
RWPS001 - Wht (50 Pk),,,
RWPS001 - Wht (75 Pk),,,
RWPS001 - Wht (25 Pk),,,
MS8BS (Black) (12 Pack),,,
RWPS001 - Wht (100 Pk),,,
RWPS001x2,,,
Single Bed,,,
H & S Sham,,,
4008,,,
Single Bed A,,,
MS8BS (Black) (3 Pack),,,
Ossie 2,,,
RWPS001,,,
H & S Classic (1 Pack),,,
H & S Classic (Pack 12),,,
RWPS001 - Wht (200 Pk),,,
SS Shelves (600 x 100),,,
Double Bed B,,,
Double Bed,,,
SS Shelves,,,
SS Shelves (900 x 70),,,
RWPS001 - Wht (500 Pk),,,
Single Bed B,,,
H & S Classic (Pack 1),,,
Dracaenea Sand 5 Stem - Lime,,,
MS8BS,,,
"RWPS001 - Wht (1,000 Pk)",,,
hello,23,,
